raw_api_name,canonical_name,file_name,status,notes,selected_for_run,run_phase,stage,test_file_exists,final_status,pytest_outcome,failure_category,root_cause_summary,tests_total,passed_count,skipped_count,xfailed_count,failed_count,error_count,fix_recommendation,auto_fixable,fix_applied,fix_target,rerun_status,changed_files,fix_artifact,report_path,intervention_type,intervention_reason,last_updated_utc
Tensor.new_empty,Tensor.new_empty,test_Tensor_new_empty.py,pytest_passed,,yes,final,final,yes,pytest_passed,passed,NONE,未捕获到明确的失败详情。,55,55,0,0,0,0,manual_followup,no,no,,not_run,,,runs/20260323T150914Z/summary.md,none,,2026-03-23 15:52:24 UTC
Tensor.new_zeros,Tensor.new_zeros,test_Tensor_new_zeros.py,fixed,,yes,final,final,yes,fixed,passed,NONE,未捕获到明确的失败详情。,56,56,0,0,0,0,adjust_test,yes,yes,test/api_test,pytest_passed,"[""test/api_test/test_Tensor_new_zeros.py""]",runs/20260323T150914Z/fixes/test_Tensor_new_zeros.md,runs/20260323T150914Z/summary.md,none,,2026-03-23 15:52:24 UTC
Tensor.register_hook,Tensor.register_hook,test_Tensor_register_hook.py,pytest_passed,,yes,final,final,yes,pytest_passed,passed,NONE,未捕获到明确的失败详情。,8,8,0,0,0,0,manual_followup,no,no,,not_run,,,runs/20260323T150914Z/summary.md,none,,2026-03-23 15:52:24 UTC
Tensor.requires_grad,Tensor.requires_grad,test_Tensor_requires_grad.py,pytest_passed,,yes,final,final,yes,pytest_passed,passed,NONE,未捕获到明确的失败详情。,8,8,0,0,0,0,manual_followup,no,no,,not_run,,,runs/20260323T150914Z/summary.md,none,,2026-03-23 15:52:24 UTC
Tensor.untyped_storage,Tensor.untyped_storage,test_Tensor_untyped_storage.py,pytest_passed,,yes,final,final,yes,pytest_passed,passed,NONE,未捕获到明确的失败详情。,32,32,0,0,0,0,manual_followup,no,no,,not_run,,,runs/20260323T150914Z/summary.md,none,,2026-03-23 15:52:24 UTC
torch.__future__.get_swap_module_params_on_conversion,torch.__future__.get_swap_module_params_on_conversion,test___future___get_swap_module_params_on_conversion.py,pytest_passed,,yes,final,final,yes,pytest_passed,passed,NONE,未捕获到明确的失败详情。,8,8,0,0,0,0,manual_followup,no,no,,not_run,,,runs/20260323T150914Z/summary.md,none,,2026-03-23 15:52:24 UTC
torch._sync,torch._sync,test__sync.py,pytest_passed,,yes,final,final,yes,pytest_passed,passed,NONE,未捕获到明确的失败详情。,14,14,0,0,0,0,manual_followup,no,no,,not_run,,,runs/20260323T150914Z/summary.md,none,,2026-03-23 15:52:24 UTC
torch.autograd.Variable._execution_engine.queue_callback,torch.autograd.Variable._execution_engine.queue_callback,test_autograd_Variable__execution_engine_queue_callback.py,pytest_passed,,yes,final,final,yes,pytest_passed,passed,NONE,未捕获到明确的失败详情。,8,8,0,0,0,0,manual_followup,no,no,,not_run,,,runs/20260323T150914Z/summary.md,none,,2026-03-23 15:52:24 UTC
torch.compiler.is_compiling,torch.compiler.is_compiling,test_compiler_is_compiling.py,pytest_passed,,yes,final,final,yes,pytest_passed,passed,NONE,未捕获到明确的失败详情。,3,3,0,0,0,0,manual_followup,no,no,,not_run,,,runs/20260323T150914Z/summary.md,none,,2026-03-23 15:52:24 UTC
torch.dtype,torch.dtype,test_dtype.py,pytest_passed,,yes,final,final,yes,pytest_passed,passed,NONE,未捕获到明确的失败详情。,45,45,0,0,0,0,manual_followup,no,no,,not_run,,,runs/20260323T150914Z/summary.md,none,,2026-03-23 15:52:24 UTC
torch.Event,torch.Event,test_Event.py,pytest_passed,,yes,final,final,yes,pytest_passed,passed_with_skips,NONE,"当前 NPU 后端不支持 Event.elapsed_time，跳过相关用例。
/home/l00913161/projects/pta_testcase/test/api_test/test_Event.py:83: 当前 NPU 后端不支持 Event.elapsed_time，跳过相关用例。",9,5,4,0,0,0,manual_followup,no,no,,not_run,,,runs/20260323T150914Z/summary.md,none,,2026-03-23 15:52:24 UTC
torch.library.impl,torch.library.impl,test_library_impl.py,pytest_passed,,yes,final,final,yes,pytest_passed,passed,NONE,未捕获到明确的失败详情。,42,42,0,0,0,0,manual_followup,no,no,,not_run,,,runs/20260323T150914Z/summary.md,none,,2026-03-23 15:52:24 UTC
torch.library.Library,torch.library.Library,test_library_Library.py,pytest_passed,,yes,final,final,yes,pytest_passed,passed,NONE,未捕获到明确的失败详情。,7,7,0,0,0,0,manual_followup,no,no,,not_run,,,runs/20260323T150914Z/summary.md,none,,2026-03-23 15:52:24 UTC
torch.nn.Module.buffers,torch.nn.Module.buffers,test_nn_Module_buffers.py,pytest_passed,,yes,final,final,yes,pytest_passed,passed,NONE,未捕获到明确的失败详情。,7,7,0,0,0,0,manual_followup,no,no,,not_run,,,runs/20260323T150914Z/summary.md,none,,2026-03-23 15:52:24 UTC
torch.nn.Module.modules,torch.nn.Module.modules,test_nn_Module_modules.py,pytest_passed,,yes,final,final,yes,pytest_passed,passed,NONE,未捕获到明确的失败详情。,7,7,0,0,0,0,manual_followup,no,no,,not_run,,,runs/20260323T150914Z/summary.md,none,,2026-03-23 15:52:24 UTC
torch.nn.Module.named_modules,torch.nn.Module.named_modules,test_nn_Module_named_modules.py,pytest_passed,,yes,final,final,yes,pytest_passed,passed,NONE,未捕获到明确的失败详情。,8,8,0,0,0,0,manual_followup,no,no,,not_run,,,runs/20260323T150914Z/summary.md,none,,2026-03-23 15:52:24 UTC
torch.nn.Module.named_parameters,torch.nn.Module.named_parameters,test_nn_Module_named_parameters.py,pytest_passed,,yes,final,final,yes,pytest_passed,passed,NONE,未捕获到明确的失败详情。,12,12,0,0,0,0,manual_followup,no,no,,not_run,,,runs/20260323T150914Z/summary.md,none,,2026-03-23 15:52:24 UTC
torch.nn.Module.register_forward_hook,torch.nn.Module.register_forward_hook,test_nn_Module_register_forward_hook.py,pytest_passed,,yes,final,final,yes,pytest_passed,passed,NONE,未捕获到明确的失败详情。,12,12,0,0,0,0,manual_followup,no,no,,not_run,,,runs/20260323T150914Z/summary.md,none,,2026-03-23 15:52:24 UTC
torch.nn.Module.register_forward_pre_hook,torch.nn.Module.register_forward_pre_hook,test_nn_Module_register_forward_pre_hook.py,pytest_passed,,yes,final,final,yes,pytest_passed,passed,NONE,未捕获到明确的失败详情。,5,5,0,0,0,0,manual_followup,no,no,,not_run,,,runs/20260323T150914Z/summary.md,none,,2026-03-23 15:52:24 UTC
torch.nn.Module.register_load_state_dict_post_hook,torch.nn.Module.register_load_state_dict_post_hook,test_nn_Module_register_load_state_dict_post_hook.py,pytest_passed,,yes,final,final,yes,pytest_passed,passed,NONE,未捕获到明确的失败详情。,8,8,0,0,0,0,manual_followup,no,no,,not_run,,,runs/20260323T150914Z/summary.md,none,,2026-03-23 15:52:24 UTC
torch.utils._pytree.tree_flatten,torch.utils._pytree.tree_flatten,test_utils__pytree_tree_flatten.py,pytest_passed,,yes,final,final,yes,pytest_passed,passed,NONE,未捕获到明确的失败详情。,16,16,0,0,0,0,manual_followup,no,no,,not_run,,,runs/20260323T150914Z/summary.md,none,,2026-03-23 15:52:24 UTC
torch.utils._pytree.tree_map,torch.utils._pytree.tree_map,test_utils__pytree_tree_map.py,pytest_passed,,yes,final,final,yes,pytest_passed,passed,NONE,未捕获到明确的失败详情。,11,11,0,0,0,0,manual_followup,no,no,,not_run,,,runs/20260323T150914Z/summary.md,none,,2026-03-23 15:52:24 UTC
torch.utils._pytree.tree_unflatten,torch.utils._pytree.tree_unflatten,test_utils__pytree_tree_unflatten.py,pytest_passed,,yes,final,final,yes,pytest_passed,passed,NONE,未捕获到明确的失败详情。,16,16,0,0,0,0,manual_followup,no,no,,not_run,,,runs/20260323T150914Z/summary.md,none,,2026-03-23 15:52:24 UTC
torch.utils.swap_tensors,torch.utils.swap_tensors,test_utils_swap_tensors.py,pytest_passed,,yes,final,final,yes,pytest_passed,passed,NONE,未捕获到明确的失败详情。,13,13,0,0,0,0,manual_followup,no,no,,not_run,,,runs/20260323T150914Z/summary.md,none,,2026-03-23 15:52:24 UTC
torch.nn.Parameter.grad,torch.nn.Parameter.grad,test_nn_Parameter_grad.py,pytest_passed,,yes,final,final,yes,pytest_passed,passed,NONE,未捕获到明确的失败详情。,9,9,0,0,0,0,manual_followup,no,no,,not_run,,,runs/20260323T150914Z/summary.md,none,,2026-03-23 15:52:24 UTC
torch.nn.Parameter.device,torch.nn.Parameter.device,test_nn_Parameter_device.py,fixed,,yes,final,final,yes,fixed,passed,NONE,未捕获到明确的失败详情。,38,38,0,0,0,0,adjust_test,yes,yes,test/api_test,pytest_passed,"[""test/api_test/test_nn_Parameter_device.py""]",runs/20260323T150914Z/fixes/test_nn_Parameter_device.md,runs/20260323T150914Z/summary.md,none,,2026-03-23 15:52:24 UTC
torch.nn.Parameter.device.type,torch.nn.Parameter.device.type,test_nn_Parameter_device_type.py,analyzed,,yes,final,final,yes,analyzed,no_tests_recorded,UNKNOWN,未捕获到明确的失败详情。,0,0,0,0,0,0,manual_followup,no,no,,not_run,,,runs/20260323T150914Z/summary.md,human_required,unknown_failure,2026-03-23 15:52:24 UTC
torch.nn.Parameter.is_contiguous,torch.nn.Parameter.is_contiguous,test_nn_Parameter_is_contiguous.py,pytest_passed,,yes,final,final,yes,pytest_passed,passed,NONE,未捕获到明确的失败详情。,6,6,0,0,0,0,manual_followup,no,no,,not_run,,,runs/20260323T150914Z/summary.md,none,,2026-03-23 15:52:24 UTC
torch.nn.Parameter.ndim,torch.nn.Parameter.ndim,test_nn_Parameter_ndim.py,pytest_passed,,yes,final,final,yes,pytest_passed,passed,NONE,未捕获到明确的失败详情。,7,7,0,0,0,0,manual_followup,no,no,,not_run,,,runs/20260323T150914Z/summary.md,none,,2026-03-23 15:52:24 UTC
torch.nn.Parameter.size,torch.nn.Parameter.size,test_nn_Parameter_size.py,pytest_passed,,yes,final,final,yes,pytest_passed,passed,NONE,未捕获到明确的失败详情。,27,27,0,0,0,0,manual_followup,no,no,,not_run,,,runs/20260323T150914Z/summary.md,none,,2026-03-23 15:52:24 UTC
torch.nn.Parameter.stride,torch.nn.Parameter.stride,test_nn_Parameter_stride.py,pytest_passed,,yes,final,final,yes,pytest_passed,passed,NONE,未捕获到明确的失败详情。,16,16,0,0,0,0,manual_followup,no,no,,not_run,,,runs/20260323T150914Z/summary.md,none,,2026-03-23 15:52:24 UTC
torch.nn.Parameter.dtype,torch.nn.Parameter.dtype,test_nn_Parameter_dtype.py,pytest_passed,,yes,final,final,yes,pytest_passed,passed,NONE,未捕获到明确的失败详情。,11,11,0,0,0,0,manual_followup,no,no,,not_run,,,runs/20260323T150914Z/summary.md,none,,2026-03-23 15:52:24 UTC
torch.nn.Parameter.itemsize,torch.nn.Parameter.itemsize,test_nn_Parameter_itemsize.py,pytest_passed,,yes,final,final,yes,pytest_passed,passed,NONE,未捕获到明确的失败详情。,12,12,0,0,0,0,manual_followup,no,no,,not_run,,,runs/20260323T150914Z/summary.md,none,,2026-03-23 15:52:24 UTC
torch.autograd._unsafe_preserve_version_counter,torch.autograd._unsafe_preserve_version_counter,test_autograd__unsafe_preserve_version_counter.py,pytest_passed,,yes,final,final,yes,pytest_passed,passed,NONE,未捕获到明确的失败详情。,13,13,0,0,0,0,manual_followup,no,no,,not_run,,,runs/20260323T150914Z/summary.md,none,,2026-03-23 15:52:24 UTC
torch.library,torch.library,test_library.py,pytest_passed,,yes,final,final,yes,pytest_passed,passed,NONE,未捕获到明确的失败详情。,5,5,0,0,0,0,manual_followup,no,no,,not_run,,,runs/20260323T150914Z/summary.md,none,,2026-03-23 15:52:24 UTC
torch._dynamo.compiled_autograd.compiled_autograd_enabled,torch._dynamo.compiled_autograd.compiled_autograd_enabled,test__dynamo_compiled_autograd_compiled_autograd_enabled.py,pytest_passed,,yes,final,final,yes,pytest_passed,passed,NONE,未捕获到明确的失败详情。,5,5,0,0,0,0,manual_followup,no,no,,not_run,,,runs/20260323T150914Z/summary.md,none,,2026-03-23 15:52:24 UTC
torch._dynamo.compiled_autograd.compiled_autograd_enabled_force_eager,torch._dynamo.compiled_autograd.compiled_autograd_enabled_force_eager,test__dynamo_compiled_autograd_compiled_autograd_enabled_force_eager.py,analyzed,,yes,final,final,yes,analyzed,no_tests_recorded,UNKNOWN,未捕获到明确的失败详情。,0,0,0,0,0,0,manual_followup,no,no,,not_run,,,runs/20260323T150914Z/summary.md,human_required,unknown_failure,2026-03-23 15:52:24 UTC
torch._dynamo.compiled_autograd.in_compiled_autograd_region,torch._dynamo.compiled_autograd.in_compiled_autograd_region,test__dynamo_compiled_autograd_in_compiled_autograd_region.py,pytest_passed,,yes,final,final,yes,pytest_passed,passed,NONE,未捕获到明确的失败详情。,2,2,0,0,0,0,manual_followup,no,no,,not_run,,,runs/20260323T150914Z/summary.md,none,,2026-03-23 15:52:24 UTC
torch._running_with_deploy,torch._running_with_deploy,test__running_with_deploy.py,pytest_passed,,yes,final,final,yes,pytest_passed,passed,NONE,未捕获到明确的失败详情。,10,10,0,0,0,0,manual_followup,no,no,,not_run,,,runs/20260323T150914Z/summary.md,none,,2026-03-23 15:52:24 UTC
torch.utils._python_dispatch.is_traceable_wrapper_subclass,torch.utils._python_dispatch.is_traceable_wrapper_subclass,test_utils__python_dispatch_is_traceable_wrapper_subclass.py,pytest_passed,,yes,final,final,yes,pytest_passed,passed,NONE,未捕获到明确的失败详情。,17,17,0,0,0,0,manual_followup,no,no,,not_run,,,runs/20260323T150914Z/summary.md,none,,2026-03-23 15:52:24 UTC
torch._dynamo.comptime.comptime.print,torch._dynamo.comptime.comptime.print,test__dynamo_comptime_comptime_print.py,pytest_passed,,yes,final,final,yes,pytest_passed,passed,NONE,未捕获到明确的失败详情。,11,11,0,0,0,0,manual_followup,no,no,,not_run,,,runs/20260323T150914Z/summary.md,none,,2026-03-23 15:52:24 UTC
torch._dynamo.config,torch._dynamo.config,test__dynamo_config.py,pytest_passed,,yes,final,final,yes,pytest_passed,passed,NONE,未捕获到明确的失败详情。,8,8,0,0,0,0,manual_followup,no,no,,not_run,,,runs/20260323T150914Z/summary.md,none,,2026-03-23 15:52:24 UTC
torch._dynamo.config.skip_fsdp_hooks,torch._dynamo.config.skip_fsdp_hooks,test__dynamo_config_skip_fsdp_hooks.py,analyzed,,yes,final,final,yes,analyzed,no_tests_recorded,UNKNOWN,未捕获到明确的失败详情。,0,0,0,0,0,0,manual_followup,no,no,,not_run,,,runs/20260323T150914Z/summary.md,human_required,unknown_failure,2026-03-23 15:52:24 UTC
torch._C.DispatchKey.Functionalize,torch._C.DispatchKey.Functionalize,test__C_DispatchKey_Functionalize.py,pytest_passed,,yes,final,final,yes,pytest_passed,passed,NONE,未捕获到明确的失败详情。,22,22,0,0,0,0,manual_followup,no,no,,not_run,,,runs/20260323T150914Z/summary.md,none,,2026-03-23 15:52:24 UTC
torch._C.DispatchKeySet,torch._C.DispatchKeySet,test__C_DispatchKeySet.py,pytest_passed,,yes,final,final,yes,pytest_passed,passed,NONE,未捕获到明确的失败详情。,21,21,0,0,0,0,manual_followup,no,no,,not_run,,,runs/20260323T150914Z/summary.md,none,,2026-03-23 15:52:24 UTC
torch._C._ExcludeDispatchKeyGuard,torch._C._ExcludeDispatchKeyGuard,test__C__ExcludeDispatchKeyGuard.py,pytest_passed,,yes,final,final,yes,pytest_passed,passed,NONE,未捕获到明确的失败详情。,16,16,0,0,0,0,manual_followup,no,no,,not_run,,,runs/20260323T150914Z/summary.md,none,,2026-03-23 15:52:24 UTC
torch._from_functional_tensor,torch._from_functional_tensor,test__from_functional_tensor.py,fixed,,yes,final,final,yes,fixed,passed,NONE,未捕获到明确的失败详情。,17,17,0,0,0,0,adjust_test,yes,yes,test/api_test,pytest_passed,"[""test/api_test/test__from_functional_tensor.py""]",runs/20260323T150914Z/fixes/test__from_functional_tensor.md,runs/20260323T150914Z/summary.md,none,,2026-03-23 15:52:24 UTC
torch._prims_common.make_contiguous_strides_for,torch._prims_common.make_contiguous_strides_for,test__prims_common_make_contiguous_strides_for.py,pytest_passed,,yes,final,final,yes,pytest_passed,passed,NONE,未捕获到明确的失败详情。,15,15,0,0,0,0,manual_followup,no,no,,not_run,,,runs/20260323T150914Z/summary.md,none,,2026-03-23 15:52:24 UTC
torch.fx.node.has_side_effect,torch.fx.node.has_side_effect,test_fx_node_has_side_effect.py,pytest_passed,,yes,final,final,yes,pytest_passed,passed,NONE,未捕获到明确的失败详情。,13,13,0,0,0,0,manual_followup,no,no,,not_run,,,runs/20260323T150914Z/summary.md,none,,2026-03-23 15:52:24 UTC
torch.nn.Module.__setattr__,torch.nn.Module.__setattr__,test_nn_Module___setattr__.py,pytest_passed,,yes,final,final,yes,pytest_passed,passed,NONE,未捕获到明确的失败详情。,15,15,0,0,0,0,manual_followup,no,no,,not_run,,,runs/20260323T150914Z/summary.md,none,,2026-03-23 15:52:24 UTC
torch.nn.Module._parameters,torch.nn.Module._parameters,test_nn_Module__parameters.py,pytest_passed,,yes,final,final,yes,pytest_passed,passed,NONE,未捕获到明确的失败详情。,11,11,0,0,0,0,manual_followup,no,no,,not_run,,,runs/20260323T150914Z/summary.md,none,,2026-03-23 15:52:24 UTC
torch._logging.warning_once,torch._logging.warning_once,test__logging_warning_once.py,pytest_passed,,yes,final,final,yes,pytest_passed,passed,NONE,未捕获到明确的失败详情。,12,12,0,0,0,0,manual_followup,no,no,,not_run,,,runs/20260323T150914Z/summary.md,none,,2026-03-23 15:52:24 UTC
torch.autograd.graph._MultiHandle,torch.autograd.graph._MultiHandle,test_autograd_graph__MultiHandle.py,pytest_passed,,yes,final,final,yes,pytest_passed,passed,NONE,未捕获到明确的失败详情。,9,9,0,0,0,0,manual_followup,no,no,,not_run,,,runs/20260323T150914Z/summary.md,none,,2026-03-23 15:52:24 UTC
